{"cameraMode":{"drawMode":0,"name":"Shaded","section":"Shading Mode"},"sceneLighting":true,"audioPlay":false,"sceneViewState":{"showFog":true,"showMaterialUpdate":false,"showSkybox":true,"showFlares":true,"showImageEffects":true,"showParticleSystems":true},"in2DMode":false,"pivot":{"x":-1.2955892086029053,"y":-4.677690505981445,"z":-0.28282180428504946},"rotation":{"x":-0.46721380949020388,"y":-0.5322592854499817,"z":0.4825942814350128,"w":-0.5152925848960877},"size":6.856008052825928,"orthographic":false}