{"cameraMode":{"drawMode":0,"name":"Shaded","section":"Shading Mode"},"sceneLighting":true,"audioPlay":false,"sceneViewState":{"showFog":true,"showMaterialUpdate":false,"showSkybox":true,"showFlares":true,"showImageEffects":true,"showParticleSystems":true},"in2DMode":false,"pivot":{"x":638.2489624023438,"y":241.07012939453126,"z":0.9674072265625},"rotation":{"x":0.006000083405524492,"y":-0.0015003454172983766,"z":0.00000956829717324581,"w":0.9999923706054688},"size":333.5035705566406,"orthographic":false}