{"cameraMode":{"drawMode":0,"name":"Shaded","section":"Shading Mode"},"sceneLighting":true,"audioPlay":false,"sceneViewState":{"showFog":true,"showMaterialUpdate":false,"showSkybox":true,"showFlares":true,"showImageEffects":true,"showParticleSystems":true},"in2DMode":false,"pivot":{"x":1170.396240234375,"y":345.02459716796877,"z":-8.416015625},"rotation":{"x":0.013493244536221028,"y":0.031492192298173907,"z":-0.0004245801828801632,"w":0.9994187951087952},"size":740.02783203125,"orthographic":false}