{"cameraMode":{"drawMode":0,"name":"Shaded","section":"Shading Mode"},"sceneLighting":true,"audioPlay":false,"sceneViewState":{"showFog":true,"showMaterialUpdate":false,"showSkybox":true,"showFlares":true,"showImageEffects":true,"showParticleSystems":true},"in2DMode":false,"pivot":{"x":555.4769897460938,"y":257.4602355957031,"z":-46.91510009765625},"rotation":{"x":0.2242429107427597,"y":-0.5010806322097778,"z":0.13625454902648927,"w":0.8246683478355408},"size":564.6646118164063,"orthographic":false}