{"cameraMode":{"drawMode":0,"name":"Shaded","section":"Shading Mode"},"sceneLighting":true,"audioPlay":false,"sceneViewState":{"showFog":true,"showMaterialUpdate":false,"showSkybox":true,"showFlares":true,"showImageEffects":true,"showParticleSystems":true},"in2DMode":false,"pivot":{"x":42.819252014160159,"y":5.277779579162598,"z":39.65606689453125},"rotation":{"x":0.02433629333972931,"y":0.2982895076274872,"z":-0.007607501000165939,"w":0.9541403651237488},"size":129.96499633789063,"orthographic":false}