{"cameraMode":{"drawMode":0,"name":"Shaded","section":"Shading Mode"},"sceneLighting":true,"audioPlay":false,"sceneViewState":{"showFog":true,"showMaterialUpdate":false,"showSkybox":true,"showFlares":true,"showImageEffects":true,"showParticleSystems":true},"in2DMode":false,"pivot":{"x":4.047779560089111,"y":-0.6260377168655396,"z":3.4961397647857668},"rotation":{"x":0.16559681296348573,"y":0.03992912545800209,"z":-0.006710120011121035,"w":0.9853664636611939},"size":5.151227951049805,"orthographic":false}