{"cameraMode":{"drawMode":0,"name":"Shaded","section":"Shading Mode"},"sceneLighting":true,"audioPlay":false,"sceneViewState":{"showFog":true,"showMaterialUpdate":false,"showSkybox":true,"showFlares":true,"showImageEffects":true,"showParticleSystems":true},"in2DMode":false,"pivot":{"x":1.8902010917663575,"y":-1.1070361137390137,"z":0.8620157241821289},"rotation":{"x":0.23820054531097413,"y":-0.2681956887245178,"z":0.06862453371286392,"w":0.9309259057044983},"size":7.506917953491211,"orthographic":false}