{"cameraMode":{"drawMode":0,"name":"Shaded","section":"Shading Mode"},"sceneLighting":true,"audioPlay":false,"sceneViewState":{"showFog":true,"showMaterialUpdate":false,"showSkybox":true,"showFlares":true,"showImageEffects":true,"showParticleSystems":true},"in2DMode":false,"pivot":{"x":550.6968994140625,"y":310.45489501953127,"z":-0.646484375},"rotation":{"x":0.006000083405524492,"y":-0.0015003454172983766,"z":0.00000956829717324581,"w":0.9999923706054688},"size":267.1341247558594,"orthographic":false}