{"cameraMode":{"drawMode":0,"name":"Shaded","section":"Shading Mode"},"sceneLighting":true,"audioPlay":false,"sceneViewState":{"showFog":true,"showMaterialUpdate":false,"showSkybox":true,"showFlares":true,"showImageEffects":true,"showParticleSystems":true},"in2DMode":false,"pivot":{"x":431.45086669921877,"y":61.562652587890628,"z":-535.556396484375},"rotation":{"x":0.2242429107427597,"y":-0.5010806322097778,"z":0.13625454902648927,"w":0.8246683478355408},"size":491.8137512207031,"orthographic":false}